rho_sg,rho_gfm,rho_gfl,disturbance,static_equilibrium_valid,static_capacity_feasible,static_locally_stable,static_max_real_eigenvalue,dynamic_success,dynamic_message,failure_time_s,failure_class,frequency_nadir_hz,frequency_zenith_hz,max_frequency_deviation_hz,max_abs_rocof_hz_s_first_1s,final_coi_frequency_hz,minimum_bus_voltage_pu,max_gfm_unconstrained_current_ratio,max_gfl_unconstrained_current_ratio,gfm_current_limit_activated,gfl_current_limit_activated,max_sg_gfm_relative_angle_deviation_rad,max_pll_angle_error_rad,loss_of_synchronism,pll_loss_of_lock
0.8,0.09999999999999998,0.09999999999999998,load_step,True,True,True,-1.4190021918230613,True,success,nan,none,49.79065788805923,50.00000000037354,0.2093421119407708,0.29194197460640847,49.79065788805923,0.7968633700452693,0.4354993089336363,0.4850783295255453,False,False,0.03714684470951126,0.06759404645798045,False,False
0.8,0.09999999999999998,0.09999999999999998,line_trip,True,True,True,-1.4190021918230613,False,"Algebraic network solve failed: The iteration is not making good progress, as measured by the 
 improvement from the last five Jacobian evaluations.; residual_inf=2.856e-01",1.0,post_event_algebraic_infeasible,,,,,,,,,,,,,,
0.6,0.2,0.2,load_step,True,True,True,-2.035838990920177,True,success,nan,none,49.81992616085824,50.00000000001942,0.18007383914176245,0.353721990393304,49.81992616085824,0.8777854421518168,0.3539312687973471,0.4403594931514047,False,False,0.0240762725128659,0.045319566040248505,False,False
0.6,0.2,0.2,line_trip,True,True,True,-2.035838990920177,False,"Algebraic network solve failed: The iteration is not making good progress, as measured by the 
 improvement from the last five Jacobian evaluations.; residual_inf=6.147e-02",1.0,post_event_algebraic_infeasible,,,,,,,,,,,,,,
0.4,0.3,0.3,load_step,True,True,True,-2.9237704694164055,True,success,nan,none,49.84201982672345,50.0,0.1579801732765489,0.4492292791070536,49.84201988727567,0.9186774573398927,0.3217514268902713,0.4207582860701925,False,False,0.0176404713561945,0.03894456392163931,False,False
0.4,0.3,0.3,line_trip,True,True,True,-2.9237704694164055,True,success,nan,none,49.99958291967137,50.024758537938915,0.024758537938915026,0.1811196869766718,49.99999999753758,0.8161593896623279,0.3836633257556128,0.4736098822088913,False,False,0.1568719932804168,0.19797186245986764,False,False
0.2,0.4,0.4,load_step,True,True,True,-2.061061531536372,True,success,nan,none,49.859140326099045,49.99999999999999,0.14085967390095533,0.6159983867434125,49.85928476211702,0.941425859280442,0.30875886892394294,0.41059117783008414,False,False,0.02106373778956648,0.037555142152930765,False,False
0.2,0.4,0.4,line_trip,True,True,True,-2.061061531536372,True,success,nan,none,49.99503973158072,50.017555804855434,0.01755580485543362,0.13104735655724653,50.00000000789573,0.908857423922706,0.3025455411073723,0.42530450016385546,False,False,0.10173702050491472,0.10259278764370222,False,False
0.05,0.475,0.475,load_step,True,True,True,-0.9773921508429111,True,success,nan,none,49.869057593461214,49.99999999998196,0.13094240653878586,0.8541388103168583,49.86994197491062,0.9466099484990561,0.30482962840472333,0.4083425839909615,False,False,0.029120515295595218,0.03973947632049235,False,False
0.05,0.475,0.475,line_trip,True,True,True,-0.9773921508429111,True,success,nan,none,49.996658001656044,50.0057397548574,0.0057397548574016355,0.05339172457024688,49.999996752734695,0.942658684999524,0.27210223500850456,0.4100541994177361,False,False,0.06814492687759258,0.05459576094387075,False,False
