ibr_dispatch_fraction,P_sg,P_gfm,P_gfl,max_differential_residual,max_kcl_residual,active_power_balance,min_bus_voltage_pu,max_sg_current_pu,max_gfm_current_pu,max_gfl_current_pu,rotational_eigenvalue_abs,critical_eigenvalue_real,critical_eigenvalue_imag,critical_mode_frequency_hz,critical_damping_ratio,locally_stable_nontrivial_modes
0.0,1.5,0.0,0.0,5.684341886080802e-14,9.820925191391734e-16,0.0,0.8507695930726915,1.6797580029724177,0.5176727078145141,0.11754063710579253,1.8527698719169181e-09,-2.727226189975861,10.418539124482086,1.6581620014576315,0.25323436531052607,True
0.1,1.35,0.08333333333333334,0.06666666666666668,3.836655347809495e-14,5.661048867003676e-16,-8.881784197001252e-16,0.8812727744739819,1.470612853120876,0.43094237522624423,0.13637666565519732,2.3821366780273433e-09,-2.7102064320781603,11.122872725098341,1.7702601755814213,0.236734450919076,True
0.2,1.2,0.16666666666666669,0.13333333333333336,1.3951473992034527e-14,4.002966042486721e-16,-4.440892098500626e-16,0.9040482492117725,1.2823807462943762,0.39078450730611547,0.1843559420771857,1.411643085157386e-09,-2.6995239100909805,11.60476098797829,1.8469550746367318,0.22657259811766356,True
0.30000000000000004,1.0499999999999998,0.25000000000000006,0.2,3.1390816482077687e-14,8.005932084973442e-16,-6.661338147750939e-16,0.9217859136505155,1.1074160021890431,0.3909049904705374,0.2425799683404111,5.29373097394127e-10,-2.6923780578926078,11.955487322439224,1.9027749044386908,0.21969808269088437,True
0.4,0.8999999999999999,0.33333333333333337,0.2666666666666667,1.0463605494025895e-14,4.75098925995612e-16,-4.440892098500626e-16,0.9358310625733648,0.9418243696901729,0.4221185684864639,0.3043285655220392,3.529102375549339e-09,-2.687601191384066,12.216073351725404,1.9442484591002758,0.2148667434687085,True
0.5,0.75,0.4166666666666667,0.3333333333333333,1.3951473992034527e-14,1.2815744444133687e-15,0.0,0.9469596008595529,0.7834359434399266,0.4738903932465495,0.36750270724093925,2.6468115070140717e-09,-2.6846041384590613,12.40844918640142,1.974866024120393,0.21146043013214305,True
0.6000000000000001,0.5999999999999999,0.5000000000000001,0.4,1.3951473992034527e-14,7.027150473277823e-16,0.0,0.9556569245978319,0.6312045034165236,0.5380654532906142,0.4314420289846989,1.411644457491434e-09,-2.683053755940974,12.545523936103182,1.9966821481085129,0.20913611635618132,True
0.7000000000000001,0.44999999999999996,0.5833333333333334,0.4666666666666667,5.684341886080802e-14,6.206335383118183e-16,4.440892098500626e-16,0.9622404677781674,0.48532881526910815,0.6096127056154113,0.4959890153146607,1.5880931412825993e-09,-2.6827483255702385,12.6352797983275,2.0109672372529883,0.2076921902736459,True
0.8,0.2999999999999998,0.6666666666666667,0.5333333333333334,1.3951473992034527e-14,5.302695275805846e-16,0.0,0.9669206564092524,0.3486112110750464,0.6857430412310885,0.5611911893768199,1.5880864067218133e-09,-2.683561396270437,12.6826862649713,2.01851221075387,0.20700920185636515,True
0.9,0.1499999999999999,0.7500000000000001,0.6,6.9757369960172635e-15,8.886119947416683e-16,0.0,0.9698336066063337,0.23253270421875727,0.7650034790279577,0.6271965096758377,2.646746448797073e-10,-2.6854135123501384,12.69067166613156,2.019783126821097,0.2070211897164209,True
1.0,0.0,0.8333333333333334,0.6666666666666666,2.7902947984069054e-14,9.213180412057288e-16,0.0,0.971059182131254,0.17860459833148434,0.8467059121419455,0.6942161297786937,8.888942036042872e-10,-2.688256661581504,12.66062711122829,2.015001387395246,0.2077015455512624,True
